EmployeeID,Name,Age,Department,Salary,JoiningDate
1001,Employee_1,50,Sales,92711,1970-01-01 00:00:00.000018616
1002,Employee_2,36,HR,71323,1970-01-01 00:00:00.000019664
1003,Employee_3,29,Sales,48752,1970-01-01 00:00:00.000018478
1004,Employee_4,42,Sales,112205,1970-01-01 00:00:00.000018810
1005,Employee_5,40,Finance,43395,1970-01-01 00:00:00.000014811
1006,Employee_6,44,IT,115957,1970-01-01 00:00:00.000017107
1007,Employee_7,32,HR,86273,1970-01-01 00:00:00.000016452
1008,Employee_8,32,Finance,34895,1970-01-01 00:00:00.000016476
1009,Employee_9,45,IT,106559,1970-01-01 00:00:00.000016606
1010,Employee_10,57,IT,40699,1970-01-01 00:00:00.000015519
1011,Employee_11,45,Marketing,95061,1970-01-01 00:00:00.000018915
1012,Employee_12,24,HR,39715,1970-01-01 00:00:00.000019268
1013,Employee_13,43,IT,49169,1970-01-01 00:00:00.000017799
1014,Employee_14,23,Finance,46163,1970-01-01 00:00:00.000015380
1015,Employee_15,45,Marketing,35782,1970-01-01 00:00:00.000017765
1016,Employee_16,51,HR,118177,1970-01-01 00:00:00.000017111
1017,Employee_17,59,Sales,114328,1970-01-01 00:00:00.000017324
1018,Employee_18,23,Finance,65585,1970-01-01 00:00:00.000019334
1019,Employee_19,42,IT,60682,1970-01-01 00:00:00.000018195
1020,Employee_20,54,IT,77864,1970-01-01 00:00:00.000016238
1021,Employee_21,33,Finance,114416,1970-01-01 00:00:00.000014996
1022,Employee_22,43,IT,85114,1970-01-01 00:00:00.000018031
1023,Employee_23,46,Marketing,68067,1970-01-01 00:00:00.000018618
1024,Employee_24,48,HR,72685,1970-01-01 00:00:00.000018703
1025,Employee_25,49,Marketing,48073,1970-01-01 00:00:00.000018973
1026,Employee_26,37,IT,66035,1970-01-01 00:00:00.000017076
1027,Employee_27,36,Sales,94977,1970-01-01 00:00:00.000016892
1028,Employee_28,24,HR,113362,1970-01-01 00:00:00.000016466
1029,Employee_29,58,HR,95450,1970-01-01 00:00:00.000016608
1030,Employee_30,28,Finance,40382,1970-01-01 00:00:00.000015846
1031,Employee_31,42,Finance,34437,1970-01-01 00:00:00.000019279
1032,Employee_32,30,Sales,100971,1970-01-01 00:00:00.000018754
1033,Employee_33,39,HR,94612,1970-01-01 00:00:00.000015760
1034,Employee_34,25,Sales,91929,1970-01-01 00:00:00.000018928
1035,Employee_35,46,Finance,42329,1970-01-01 00:00:00.000016041
1036,Employee_36,35,Finance,55169,1970-01-01 00:00:00.000016429
1037,Employee_37,30,HR,117468,1970-01-01 00:00:00.000016934
1038,Employee_38,47,Marketing,64594,1970-01-01 00:00:00.000015740
1039,Employee_39,23,IT,106957,1970-01-01 00:00:00.000017268
1040,Employee_40,41,Finance,90631,1970-01-01 00:00:00.000018110
1041,Employee_41,49,Finance,75033,1970-01-01 00:00:00.000014984
1042,Employee_42,28,Marketing,93133,1970-01-01 00:00:00.000016730
1043,Employee_43,29,Marketing,103165,1970-01-01 00:00:00.000018630
1044,Employee_44,56,Sales,103861,1970-01-01 00:00:00.000016631
1045,Employee_45,35,Sales,82290,1970-01-01 00:00:00.000018315
1046,Employee_46,38,IT,61750,1970-01-01 00:00:00.000017869
1047,Employee_47,57,IT,70461,1970-01-01 00:00:00.000018045
1048,Employee_48,25,HR,103800,1970-01-01 00:00:00.000016499
1049,Employee_49,23,Sales,108222,1970-01-01 00:00:00.000016433
1050,Employee_50,27,Finance,54226,1970-01-01 00:00:00.000016084
1051,Employee_51,25,Sales,36721,1970-01-01 00:00:00.000016852
1052,Employee_52,50,Finance,86154,1970-01-01 00:00:00.000017853
1053,Employee_53,39,Marketing,50609,1970-01-01 00:00:00.000017744
1054,Employee_54,47,Sales,82130,1970-01-01 00:00:00.000016680
1055,Employee_55,55,Marketing,102909,1970-01-01 00:00:00.000014969
1056,Employee_56,31,IT,85249,1970-01-01 00:00:00.000016651
1057,Employee_57,57,IT,78895,1970-01-01 00:00:00.000015751
1058,Employee_58,35,HR,35656,1970-01-01 00:00:00.000016245
1059,Employee_59,52,Sales,104520,1970-01-01 00:00:00.000018610
1060,Employee_60,36,Marketing,93740,1970-01-01 00:00:00.000016553
1061,Employee_61,29,Finance,94309,1970-01-01 00:00:00.000019384
1062,Employee_62,35,IT,59984,1970-01-01 00:00:00.000017971
1063,Employee_63,44,IT,103822,1970-01-01 00:00:00.000017590
1064,Employee_64,42,Finance,35901,1970-01-01 00:00:00.000014616
1065,Employee_65,37,Marketing,61552,1970-01-01 00:00:00.000017877
1066,Employee_66,39,Marketing,61055,1970-01-01 00:00:00.000016201
1067,Employee_67,45,Sales,67685,1970-01-01 00:00:00.000019538
1068,Employee_68,47,Sales,103965,1970-01-01 00:00:00.000017874
1069,Employee_69,46,HR,44716,1970-01-01 00:00:00.000017216
1070,Employee_70,50,IT,41138,1970-01-01 00:00:00.000017829
1071,Employee_71,36,Sales,65298,1970-01-01 00:00:00.000017883
1072,Employee_72,22,Marketing,81112,1970-01-01 00:00:00.000015523
1073,Employee_73,46,Finance,53429,1970-01-01 00:00:00.000016621
1074,Employee_74,28,Marketing,80200,1970-01-01 00:00:00.000016052
1075,Employee_75,30,IT,101308,1970-01-01 00:00:00.000017664
1076,Employee_76,45,Marketing,78244,1970-01-01 00:00:00.000018156
1077,Employee_77,22,HR,47347,1970-01-01 00:00:00.000018831
1078,Employee_78,29,IT,46920,1970-01-01 00:00:00.000019522
1079,Employee_79,45,Finance,61822,1970-01-01 00:00:00.000017538
1080,Employee_80,32,HR,76659,1970-01-01 00:00:00.000016439
1081,Employee_81,38,IT,70108,1970-01-01 00:00:00.000015185
1082,Employee_82,29,Finance,119099,1970-01-01 00:00:00.000015539
1083,Employee_83,56,HR,37967,1970-01-01 00:00:00.000018369
1084,Employee_84,56,HR,41871,1970-01-01 00:00:00.000018309
1085,Employee_85,54,IT,107452,1970-01-01 00:00:00.000016073
1086,Employee_86,26,Sales,104270,1970-01-01 00:00:00.000017885
1087,Employee_87,49,HR,63613,1970-01-01 00:00:00.000019538
1088,Employee_88,28,HR,58179,1970-01-01 00:00:00.000015664
1089,Employee_89,30,Finance,82188,1970-01-01 00:00:00.000016510
1090,Employee_90,29,Marketing,85099,1970-01-01 00:00:00.000016067
1091,Employee_91,33,IT,65262,1970-01-01 00:00:00.000016009
1092,Employee_92,55,IT,108213,1970-01-01 00:00:00.000018025
1093,Employee_93,54,Sales,48268,1970-01-01 00:00:00.000015052
1094,Employee_94,44,Sales,107866,1970-01-01 00:00:00.000018260
1095,Employee_95,45,IT,116269,1970-01-01 00:00:00.000019262
1096,Employee_96,58,Sales,90545,1970-01-01 00:00:00.000015788
1097,Employee_97,56,Finance,102146,1970-01-01 00:00:00.000019068
1098,Employee_98,43,IT,101966,1970-01-01 00:00:00.000015867
1099,Employee_99,48,Sales,69922,1970-01-01 00:00:00.000018244
1100,Employee_100,56,IT,109364,1970-01-01 00:00:00.000016451
1101,Employee_101,22,Marketing,72913,1970-01-01 00:00:00.000016919
1102,Employee_102,56,HR,85677,1970-01-01 00:00:00.000015520
1103,Employee_103,58,IT,79841,1970-01-01 00:00:00.000018950
1104,Employee_104,35,HR,76332,1970-01-01 00:00:00.000019247
1105,Employee_105,24,Sales,55032,1970-01-01 00:00:00.000018619
1106,Employee_106,22,HR,67846,1970-01-01 00:00:00.000016779
1107,Employee_107,26,IT,89474,1970-01-01 00:00:00.000016782
1108,Employee_108,47,Marketing,74936,1970-01-01 00:00:00.000014733
1109,Employee_109,35,Sales,59794,1970-01-01 00:00:00.000017768
1110,Employee_110,48,IT,91588,1970-01-01 00:00:00.000015395
1111,Employee_111,30,Sales,100984,1970-01-01 00:00:00.000017026
1112,Employee_112,36,Finance,80331,1970-01-01 00:00:00.000015406
1113,Employee_113,36,HR,58141,1970-01-01 00:00:00.000018782
1114,Employee_114,47,Finance,39074,1970-01-01 00:00:00.000018764
1115,Employee_115,34,IT,36406,1970-01-01 00:00:00.000016546
1116,Employee_116,53,Marketing,53291,1970-01-01 00:00:00.000016766
1117,Employee_117,53,Sales,71568,1970-01-01 00:00:00.000018417
1118,Employee_118,25,HR,76851,1970-01-01 00:00:00.000015911
1119,Employee_119,51,Sales,84823,1970-01-01 00:00:00.000018773
1120,Employee_120,58,IT,53312,1970-01-01 00:00:00.000017750
1121,Employee_121,44,Sales,73108,1970-01-01 00:00:00.000017846
1122,Employee_122,36,HR,96918,1970-01-01 00:00:00.000016962
1123,Employee_123,50,IT,64171,1970-01-01 00:00:00.000016542
1124,Employee_124,57,Sales,71779,1970-01-01 00:00:00.000017331
1125,Employee_125,34,Marketing,98828,1970-01-01 00:00:00.000014974
1126,Employee_126,53,IT,42411,1970-01-01 00:00:00.000019526
1127,Employee_127,28,IT,87009,1970-01-01 00:00:00.000017000
1128,Employee_128,43,Marketing,45422,1970-01-01 00:00:00.000015556
1129,Employee_129,49,Finance,72468,1970-01-01 00:00:00.000015987
1130,Employee_130,23,HR,62371,1970-01-01 00:00:00.000016049
1131,Employee_131,27,Finance,87022,1970-01-01 00:00:00.000017790
1132,Employee_132,49,Sales,101229,1970-01-01 00:00:00.000019467
1133,Employee_133,49,Marketing,81196,1970-01-01 00:00:00.000014950
1134,Employee_134,41,Finance,110354,1970-01-01 00:00:00.000017599
1135,Employee_135,51,IT,56715,1970-01-01 00:00:00.000014992
1136,Employee_136,32,Sales,57605,1970-01-01 00:00:00.000019709
1137,Employee_137,49,Sales,61174,1970-01-01 00:00:00.000016166
1138,Employee_138,46,Finance,39956,1970-01-01 00:00:00.000014909
1139,Employee_139,54,Finance,106373,1970-01-01 00:00:00.000014748
1140,Employee_140,22,Marketing,99252,1970-01-01 00:00:00.000014968
1141,Employee_141,48,HR,91949,1970-01-01 00:00:00.000019541
1142,Employee_142,34,Finance,92646,1970-01-01 00:00:00.000016132
1143,Employee_143,24,Finance,100017,1970-01-01 00:00:00.000018066
1144,Employee_144,27,IT,93037,1970-01-01 00:00:00.000016237
1145,Employee_145,29,Sales,119818,1970-01-01 00:00:00.000015913
1146,Employee_146,48,HR,36548,1970-01-01 00:00:00.000019614
1147,Employee_147,30,IT,103294,1970-01-01 00:00:00.000015744
1148,Employee_148,58,Marketing,53177,1970-01-01 00:00:00.000016796
1149,Employee_149,54,Marketing,54022,1970-01-01 00:00:00.000019701
1150,Employee_150,45,Finance,35542,1970-01-01 00:00:00.000017780
1151,Employee_151,36,Finance,90428,1970-01-01 00:00:00.000018445
1152,Employee_152,53,Marketing,52740,1970-01-01 00:00:00.000016761
1153,Employee_153,53,Finance,89353,1970-01-01 00:00:00.000015847
1154,Employee_154,45,HR,86532,1970-01-01 00:00:00.000018345
1155,Employee_155,33,Finance,46052,1970-01-01 00:00:00.000017444
1156,Employee_156,23,Sales,77076,1970-01-01 00:00:00.000018870
1157,Employee_157,24,Finance,83420,1970-01-01 00:00:00.000015608
1158,Employee_158,58,IT,30671,1970-01-01 00:00:00.000017177
1159,Employee_159,38,HR,30163,1970-01-01 00:00:00.000015917
1160,Employee_160,23,IT,71424,1970-01-01 00:00:00.000015266
1161,Employee_161,23,IT,83744,1970-01-01 00:00:00.000017270
1162,Employee_162,49,Sales,100331,1970-01-01 00:00:00.000016821
1163,Employee_163,44,HR,40634,1970-01-01 00:00:00.000016519
1164,Employee_164,58,HR,34798,1970-01-01 00:00:00.000018340
1165,Employee_165,53,HR,52420,1970-01-01 00:00:00.000016656
1166,Employee_166,54,HR,59300,1970-01-01 00:00:00.000017772
1167,Employee_167,22,HR,119881,1970-01-01 00:00:00.000015750
1168,Employee_168,40,Sales,40749,1970-01-01 00:00:00.000014876
1169,Employee_169,23,Finance,55121,1970-01-01 00:00:00.000016455
1170,Employee_170,47,IT,67487,1970-01-01 00:00:00.000016318
1171,Employee_171,53,HR,63361,1970-01-01 00:00:00.000018240
1172,Employee_172,27,Finance,51223,1970-01-01 00:00:00.000017821
1173,Employee_173,53,Finance,102930,1970-01-01 00:00:00.000016903
1174,Employee_174,25,IT,44056,1970-01-01 00:00:00.000018342
1175,Employee_175,32,Sales,58380,1970-01-01 00:00:00.000018439
1176,Employee_176,38,Marketing,56035,1970-01-01 00:00:00.000016120
1177,Employee_177,59,Marketing,60620,1970-01-01 00:00:00.000015085
1178,Employee_178,45,Finance,49877,1970-01-01 00:00:00.000015586
1179,Employee_179,26,IT,85316,1970-01-01 00:00:00.000015817
1180,Employee_180,55,Marketing,94041,1970-01-01 00:00:00.000016570
1181,Employee_181,27,Finance,83352,1970-01-01 00:00:00.000015167
1182,Employee_182,43,Sales,60911,1970-01-01 00:00:00.000015492
1183,Employee_183,32,Marketing,62784,1970-01-01 00:00:00.000016804
1184,Employee_184,37,Finance,33191,1970-01-01 00:00:00.000019371
1185,Employee_185,54,Finance,63160,1970-01-01 00:00:00.000017277
1186,Employee_186,30,HR,94641,1970-01-01 00:00:00.000019569
1187,Employee_187,27,Sales,79723,1970-01-01 00:00:00.000019287
1188,Employee_188,37,HR,33631,1970-01-01 00:00:00.000019400
1189,Employee_189,50,IT,36172,1970-01-01 00:00:00.000016220
1190,Employee_190,24,HR,72080,1970-01-01 00:00:00.000018098
1191,Employee_191,41,HR,119097,1970-01-01 00:00:00.000017064
1192,Employee_192,57,Marketing,50281,1970-01-01 00:00:00.000019104
1193,Employee_193,40,Finance,58671,1970-01-01 00:00:00.000016556
1194,Employee_194,47,Sales,81431,1970-01-01 00:00:00.000019420
1195,Employee_195,24,HR,58602,1970-01-01 00:00:00.000019409
1196,Employee_196,40,Sales,118789,1970-01-01 00:00:00.000017418
1197,Employee_197,41,HR,81399,1970-01-01 00:00:00.000018435
1198,Employee_198,53,IT,53472,1970-01-01 00:00:00.000018146
1199,Employee_199,28,HR,79230,1970-01-01 00:00:00.000018412
1200,Employee_200,54,Marketing,103616,1970-01-01 00:00:00.000018787
1201,Employee_201,39,Finance,37099,1970-01-01 00:00:00.000019309
1202,Employee_202,22,IT,55431,1970-01-01 00:00:00.000016580
1203,Employee_203,32,HR,86492,1970-01-01 00:00:00.000018432
1204,Employee_204,49,Sales,77684,1970-01-01 00:00:00.000017429
1205,Employee_205,46,IT,60111,1970-01-01 00:00:00.000015512
1206,Employee_206,44,IT,93936,1970-01-01 00:00:00.000014974
1207,Employee_207,52,HR,52614,1970-01-01 00:00:00.000018868
1208,Employee_208,51,IT,71991,1970-01-01 00:00:00.000017729
1209,Employee_209,56,Sales,100476,1970-01-01 00:00:00.000017168
1210,Employee_210,28,IT,90920,1970-01-01 00:00:00.000016473
1211,Employee_211,37,Sales,93530,1970-01-01 00:00:00.000014725
1212,Employee_212,47,HR,66224,1970-01-01 00:00:00.000016994
1213,Employee_213,23,Finance,37788,1970-01-01 00:00:00.000019586
1214,Employee_214,22,IT,58082,1970-01-01 00:00:00.000018545
1215,Employee_215,33,Finance,119570,1970-01-01 00:00:00.000019545
1216,Employee_216,26,Sales,106816,1970-01-01 00:00:00.000017100
1217,Employee_217,58,IT,113588,1970-01-01 00:00:00.000015552
1218,Employee_218,53,Marketing,46531,1970-01-01 00:00:00.000016334
1219,Employee_219,30,Finance,118340,1970-01-01 00:00:00.000016944
1220,Employee_220,56,IT,74857,1970-01-01 00:00:00.000017377
1221,Employee_221,40,Finance,40142,1970-01-01 00:00:00.000015747
1222,Employee_222,37,IT,78355,1970-01-01 00:00:00.000017137
1223,Employee_223,24,HR,39866,1970-01-01 00:00:00.000018727
1224,Employee_224,41,Finance,100067,1970-01-01 00:00:00.000018030
1225,Employee_225,45,Marketing,94027,1970-01-01 00:00:00.000019388
1226,Employee_226,54,Marketing,87906,1970-01-01 00:00:00.000018516
1227,Employee_227,45,Sales,58138,1970-01-01 00:00:00.000018247
1228,Employee_228,32,IT,59956,1970-01-01 00:00:00.000017563
1229,Employee_229,29,Finance,106295,1970-01-01 00:00:00.000016977
1230,Employee_230,57,Sales,35439,1970-01-01 00:00:00.000018831
1231,Employee_231,59,Finance,77241,1970-01-01 00:00:00.000014886
1232,Employee_232,41,IT,72533,1970-01-01 00:00:00.000016609
1233,Employee_233,56,Marketing,58270,1970-01-01 00:00:00.000015837
1234,Employee_234,46,HR,108815,1970-01-01 00:00:00.000018362
1235,Employee_235,56,Marketing,69279,1970-01-01 00:00:00.000018345
1236,Employee_236,46,Sales,53888,1970-01-01 00:00:00.000015305
1237,Employee_237,50,HR,47630,1970-01-01 00:00:00.000015919
1238,Employee_238,39,Sales,91063,1970-01-01 00:00:00.000018762
1239,Employee_239,39,IT,65144,1970-01-01 00:00:00.000017844
1240,Employee_240,23,HR,82161,1970-01-01 00:00:00.000018724
1241,Employee_241,56,Sales,107360,1970-01-01 00:00:00.000016921
1242,Employee_242,37,IT,80979,1970-01-01 00:00:00.000017451
1243,Employee_243,57,Marketing,36979,1970-01-01 00:00:00.000018818
1244,Employee_244,54,IT,56189,1970-01-01 00:00:00.000018169
1245,Employee_245,25,Finance,72600,1970-01-01 00:00:00.000018008
1246,Employee_246,54,IT,89560,1970-01-01 00:00:00.000015151
1247,Employee_247,35,IT,108040,1970-01-01 00:00:00.000017304
1248,Employee_248,42,Finance,91558,1970-01-01 00:00:00.000019284
1249,Employee_249,41,Sales,116205,1970-01-01 00:00:00.000015698
1250,Employee_250,29,Sales,36910,1970-01-01 00:00:00.000017973
1251,Employee_251,28,IT,87713,1970-01-01 00:00:00.000014634
1252,Employee_252,24,Finance,76857,1970-01-01 00:00:00.000016182
1253,Employee_253,38,Finance,64964,1970-01-01 00:00:00.000017568
1254,Employee_254,54,Marketing,115667,1970-01-01 00:00:00.000018846
1255,Employee_255,33,Sales,55227,1970-01-01 00:00:00.000016377
1256,Employee_256,43,HR,35978,1970-01-01 00:00:00.000019353
1257,Employee_257,43,Sales,117527,1970-01-01 00:00:00.000016845
1258,Employee_258,51,Sales,47153,1970-01-01 00:00:00.000014810
1259,Employee_259,59,Marketing,89765,1970-01-01 00:00:00.000017808
1260,Employee_260,59,HR,69071,1970-01-01 00:00:00.000014866
1261,Employee_261,29,Marketing,99519,1970-01-01 00:00:00.000018357
1262,Employee_262,48,HR,39503,1970-01-01 00:00:00.000019252
1263,Employee_263,48,IT,90703,1970-01-01 00:00:00.000016851
1264,Employee_264,55,HR,94379,1970-01-01 00:00:00.000017785
1265,Employee_265,42,Marketing,87866,1970-01-01 00:00:00.000018216
1266,Employee_266,51,Sales,46905,1970-01-01 00:00:00.000017946
1267,Employee_267,54,HR,75838,1970-01-01 00:00:00.000019507
1268,Employee_268,49,HR,88279,1970-01-01 00:00:00.000019647
1269,Employee_269,54,Finance,119489,1970-01-01 00:00:00.000015023
1270,Employee_270,26,Sales,56806,1970-01-01 00:00:00.000016624
1271,Employee_271,40,IT,75000,1970-01-01 00:00:00.000015991
1272,Employee_272,25,Marketing,52168,1970-01-01 00:00:00.000015708
1273,Employee_273,56,IT,100119,1970-01-01 00:00:00.000018036
1274,Employee_274,38,Sales,68714,1970-01-01 00:00:00.000018265
1275,Employee_275,49,HR,84093,1970-01-01 00:00:00.000015519
1276,Employee_276,51,HR,85419,1970-01-01 00:00:00.000014797
1277,Employee_277,50,Sales,79145,1970-01-01 00:00:00.000018654
1278,Employee_278,27,HR,107425,1970-01-01 00:00:00.000018366
1279,Employee_279,56,HR,107811,1970-01-01 00:00:00.000016625
1280,Employee_280,58,HR,32461,1970-01-01 00:00:00.000016702
1281,Employee_281,45,Marketing,44291,1970-01-01 00:00:00.000018254
1282,Employee_282,50,Marketing,76804,1970-01-01 00:00:00.000016740
1283,Employee_283,52,Finance,106971,1970-01-01 00:00:00.000014967
1284,Employee_284,56,IT,94946,1970-01-01 00:00:00.000017032
1285,Employee_285,54,Sales,114080,1970-01-01 00:00:00.000018867
1286,Employee_286,42,Sales,91332,1970-01-01 00:00:00.000019155
1287,Employee_287,53,Sales,107794,1970-01-01 00:00:00.000016107
1288,Employee_288,44,Finance,60841,1970-01-01 00:00:00.000016768
1289,Employee_289,54,Marketing,78758,1970-01-01 00:00:00.000017165
1290,Employee_290,24,Finance,106272,1970-01-01 00:00:00.000016952
1291,Employee_291,39,Sales,67643,1970-01-01 00:00:00.000017561
1292,Employee_292,46,IT,80408,1970-01-01 00:00:00.000015848
1293,Employee_293,52,HR,73950,1970-01-01 00:00:00.000015583
1294,Employee_294,24,Marketing,86849,1970-01-01 00:00:00.000019337
1295,Employee_295,45,Marketing,58044,1970-01-01 00:00:00.000018575
1296,Employee_296,53,Finance,45997,1970-01-01 00:00:00.000015660
1297,Employee_297,43,Marketing,109751,1970-01-01 00:00:00.000018311
1298,Employee_298,44,Sales,53911,1970-01-01 00:00:00.000017390
1299,Employee_299,23,Sales,85533,1970-01-01 00:00:00.000016198
1300,Employee_300,48,Finance,112566,1970-01-01 00:00:00.000018488
1301,Employee_301,23,Sales,44571,1970-01-01 00:00:00.000016978
1302,Employee_302,47,IT,87941,1970-01-01 00:00:00.000015046
1303,Employee_303,38,Finance,88005,1970-01-01 00:00:00.000017438
1304,Employee_304,54,IT,116250,1970-01-01 00:00:00.000016166
1305,Employee_305,30,HR,88712,1970-01-01 00:00:00.000018468
1306,Employee_306,50,IT,73541,1970-01-01 00:00:00.000015914
1307,Employee_307,47,HR,53387,1970-01-01 00:00:00.000016994
1308,Employee_308,56,HR,78908,1970-01-01 00:00:00.000014792
1309,Employee_309,46,IT,115457,1970-01-01 00:00:00.000016199
1310,Employee_310,45,Finance,43057,1970-01-01 00:00:00.000016197
1311,Employee_311,34,Sales,94028,1970-01-01 00:00:00.000015269
1312,Employee_312,28,Sales,85731,1970-01-01 00:00:00.000014769
1313,Employee_313,57,HR,54858,1970-01-01 00:00:00.000018563
1314,Employee_314,41,HR,78689,1970-01-01 00:00:00.000015621
1315,Employee_315,22,Finance,74638,1970-01-01 00:00:00.000014662
1316,Employee_316,29,Marketing,76486,1970-01-01 00:00:00.000016917
1317,Employee_317,37,IT,50567,1970-01-01 00:00:00.000015838
1318,Employee_318,35,HR,59739,1970-01-01 00:00:00.000015645
1319,Employee_319,33,Sales,87804,1970-01-01 00:00:00.000018312
1320,Employee_320,44,Finance,33754,1970-01-01 00:00:00.000018655
1321,Employee_321,36,IT,57044,1970-01-01 00:00:00.000019555
1322,Employee_322,49,Finance,97260,1970-01-01 00:00:00.000019059
1323,Employee_323,55,IT,96912,1970-01-01 00:00:00.000019696
1324,Employee_324,23,IT,38706,1970-01-01 00:00:00.000015874
1325,Employee_325,53,HR,38894,1970-01-01 00:00:00.000016494
1326,Employee_326,44,Finance,48037,1970-01-01 00:00:00.000016419
1327,Employee_327,43,Finance,113986,1970-01-01 00:00:00.000017777
1328,Employee_328,46,Sales,111942,1970-01-01 00:00:00.000018407
1329,Employee_329,43,Sales,81612,1970-01-01 00:00:00.000016951
1330,Employee_330,43,HR,59725,1970-01-01 00:00:00.000018024
1331,Employee_331,27,HR,35926,1970-01-01 00:00:00.000015427
1332,Employee_332,36,Marketing,39496,1970-01-01 00:00:00.000017047
1333,Employee_333,58,Sales,86447,1970-01-01 00:00:00.000015498
1334,Employee_334,54,IT,59806,1970-01-01 00:00:00.000015277
1335,Employee_335,29,Finance,118199,1970-01-01 00:00:00.000019338
1336,Employee_336,26,HR,71321,1970-01-01 00:00:00.000017234
1337,Employee_337,25,Finance,95095,1970-01-01 00:00:00.000018842
1338,Employee_338,27,Finance,52656,1970-01-01 00:00:00.000019133
1339,Employee_339,53,Marketing,85147,1970-01-01 00:00:00.000015428
1340,Employee_340,51,Sales,79666,1970-01-01 00:00:00.000016798
1341,Employee_341,56,HR,112368,1970-01-01 00:00:00.000015716
1342,Employee_342,37,Finance,68787,1970-01-01 00:00:00.000016834
1343,Employee_343,34,HR,92946,1970-01-01 00:00:00.000014807
1344,Employee_344,51,IT,51727,1970-01-01 00:00:00.000017281
1345,Employee_345,40,Marketing,98056,1970-01-01 00:00:00.000018102
1346,Employee_346,38,IT,33081,1970-01-01 00:00:00.000017058
1347,Employee_347,40,HR,64196,1970-01-01 00:00:00.000015080
1348,Employee_348,49,HR,66735,1970-01-01 00:00:00.000016558
1349,Employee_349,47,Sales,110102,1970-01-01 00:00:00.000019634
1350,Employee_350,58,Finance,109578,1970-01-01 00:00:00.000018509
1351,Employee_351,47,Finance,55498,1970-01-01 00:00:00.000016620
1352,Employee_352,44,IT,106865,1970-01-01 00:00:00.000018410
1353,Employee_353,30,Marketing,61656,1970-01-01 00:00:00.000019611
1354,Employee_354,33,Finance,97695,1970-01-01 00:00:00.000018728
1355,Employee_355,22,Sales,67900,1970-01-01 00:00:00.000018406
1356,Employee_356,22,IT,114899,1970-01-01 00:00:00.000018598
1357,Employee_357,55,IT,77701,1970-01-01 00:00:00.000014844
1358,Employee_358,53,Sales,49033,1970-01-01 00:00:00.000015538
1359,Employee_359,46,Marketing,40805,1970-01-01 00:00:00.000018217
1360,Employee_360,22,Sales,65851,1970-01-01 00:00:00.000015132
1361,Employee_361,37,Marketing,56832,1970-01-01 00:00:00.000018133
1362,Employee_362,26,Sales,93437,1970-01-01 00:00:00.000019136
1363,Employee_363,43,Sales,43944,1970-01-01 00:00:00.000019498
1364,Employee_364,50,HR,49873,1970-01-01 00:00:00.000016239
1365,Employee_365,24,IT,70372,1970-01-01 00:00:00.000019238
1366,Employee_366,33,Sales,119464,1970-01-01 00:00:00.000015926
1367,Employee_367,47,Sales,45379,1970-01-01 00:00:00.000017467
1368,Employee_368,37,Finance,66751,1970-01-01 00:00:00.000019618
1369,Employee_369,58,IT,119822,1970-01-01 00:00:00.000015734
1370,Employee_370,43,Finance,35110,1970-01-01 00:00:00.000017197
1371,Employee_371,50,IT,84341,1970-01-01 00:00:00.000015633
1372,Employee_372,35,Finance,42087,1970-01-01 00:00:00.000015988
1373,Employee_373,49,Sales,53762,1970-01-01 00:00:00.000017984
1374,Employee_374,26,Sales,112617,1970-01-01 00:00:00.000016129
1375,Employee_375,51,HR,39596,1970-01-01 00:00:00.000014836
1376,Employee_376,26,Finance,48313,1970-01-01 00:00:00.000019578
1377,Employee_377,33,Marketing,96549,1970-01-01 00:00:00.000015501
1378,Employee_378,37,HR,53705,1970-01-01 00:00:00.000018682
1379,Employee_379,47,Finance,97364,1970-01-01 00:00:00.000016867
1380,Employee_380,47,Finance,103445,1970-01-01 00:00:00.000017398
1381,Employee_381,42,HR,108645,1970-01-01 00:00:00.000015006
1382,Employee_382,57,Sales,32023,1970-01-01 00:00:00.000016688
1383,Employee_383,54,Finance,89796,1970-01-01 00:00:00.000019354
1384,Employee_384,51,Sales,110073,1970-01-01 00:00:00.000019034
1385,Employee_385,58,HR,94429,1970-01-01 00:00:00.000017847
1386,Employee_386,44,Sales,91627,1970-01-01 00:00:00.000018503
1387,Employee_387,31,IT,63848,1970-01-01 00:00:00.000019657
1388,Employee_388,26,Marketing,67804,1970-01-01 00:00:00.000016615
1389,Employee_389,57,Finance,45379,1970-01-01 00:00:00.000016626
1390,Employee_390,55,Marketing,89664,1970-01-01 00:00:00.000017781
1391,Employee_391,52,Sales,57766,1970-01-01 00:00:00.000017278
1392,Employee_392,31,Finance,98099,1970-01-01 00:00:00.000016488
1393,Employee_393,40,Sales,66060,1970-01-01 00:00:00.000015806
1394,Employee_394,53,IT,99122,1970-01-01 00:00:00.000016382
1395,Employee_395,22,HR,46087,1970-01-01 00:00:00.000014771
1396,Employee_396,26,Finance,78868,1970-01-01 00:00:00.000018586
1397,Employee_397,25,IT,53225,1970-01-01 00:00:00.000016361
1398,Employee_398,37,IT,36643,1970-01-01 00:00:00.000015385
1399,Employee_399,45,Finance,66727,1970-01-01 00:00:00.000015549
1400,Employee_400,37,Sales,41005,1970-01-01 00:00:00.000017830
1401,Employee_401,23,IT,95697,1970-01-01 00:00:00.000015149
1402,Employee_402,49,Marketing,46029,1970-01-01 00:00:00.000019527
1403,Employee_403,53,IT,44226,1970-01-01 00:00:00.000016071
1404,Employee_404,48,Sales,93646,1970-01-01 00:00:00.000014965
1405,Employee_405,41,Sales,90603,1970-01-01 00:00:00.000018214
1406,Employee_406,45,Marketing,58731,1970-01-01 00:00:00.000017933
1407,Employee_407,33,IT,98926,1970-01-01 00:00:00.000014844
1408,Employee_408,56,Sales,35997,1970-01-01 00:00:00.000016158
1409,Employee_409,54,Finance,85506,1970-01-01 00:00:00.000016706
1410,Employee_410,54,HR,108229,1970-01-01 00:00:00.000018823
1411,Employee_411,58,HR,79815,1970-01-01 00:00:00.000016711
1412,Employee_412,33,HR,72092,1970-01-01 00:00:00.000016283
1413,Employee_413,24,IT,92539,1970-01-01 00:00:00.000016710
1414,Employee_414,22,Marketing,96077,1970-01-01 00:00:00.000018267
1415,Employee_415,54,Sales,51817,1970-01-01 00:00:00.000019263
1416,Employee_416,31,Finance,67861,1970-01-01 00:00:00.000018206
1417,Employee_417,50,Finance,43428,1970-01-01 00:00:00.000018358
1418,Employee_418,34,IT,73934,1970-01-01 00:00:00.000017783
1419,Employee_419,33,HR,40258,1970-01-01 00:00:00.000016425
1420,Employee_420,52,IT,87775,1970-01-01 00:00:00.000018451
1421,Employee_421,23,Marketing,111580,1970-01-01 00:00:00.000016615
1422,Employee_422,56,Marketing,35469,1970-01-01 00:00:00.000019103
1423,Employee_423,44,Sales,58854,1970-01-01 00:00:00.000015284
1424,Employee_424,38,Sales,36256,1970-01-01 00:00:00.000014996
1425,Employee_425,47,Marketing,106256,1970-01-01 00:00:00.000016768
1426,Employee_426,29,Marketing,63937,1970-01-01 00:00:00.000017271
1427,Employee_427,50,Marketing,31651,1970-01-01 00:00:00.000016674
1428,Employee_428,47,IT,80288,1970-01-01 00:00:00.000018461
1429,Employee_429,31,Marketing,114730,1970-01-01 00:00:00.000017863
1430,Employee_430,47,Finance,55051,1970-01-01 00:00:00.000019589
1431,Employee_431,55,HR,57386,1970-01-01 00:00:00.000019246
1432,Employee_432,28,Marketing,105054,1970-01-01 00:00:00.000018876
1433,Employee_433,25,HR,46184,1970-01-01 00:00:00.000015349
1434,Employee_434,32,IT,63787,1970-01-01 00:00:00.000016011
1435,Employee_435,50,HR,51621,1970-01-01 00:00:00.000017869
1436,Employee_436,57,IT,105564,1970-01-01 00:00:00.000016887
1437,Employee_437,46,Finance,107984,1970-01-01 00:00:00.000018514
1438,Employee_438,42,IT,89792,1970-01-01 00:00:00.000018533
1439,Employee_439,57,IT,75253,1970-01-01 00:00:00.000018824
1440,Employee_440,31,Sales,64051,1970-01-01 00:00:00.000017837
1441,Employee_441,58,Marketing,79811,1970-01-01 00:00:00.000017441
1442,Employee_442,30,Marketing,60447,1970-01-01 00:00:00.000018368
1443,Employee_443,45,Finance,113930,1970-01-01 00:00:00.000017122
1444,Employee_444,56,Finance,60254,1970-01-01 00:00:00.000016761
1445,Employee_445,56,Marketing,114045,1970-01-01 00:00:00.000018285
1446,Employee_446,57,Sales,87418,1970-01-01 00:00:00.000017355
1447,Employee_447,39,Marketing,44472,1970-01-01 00:00:00.000018476
1448,Employee_448,53,Sales,33471,1970-01-01 00:00:00.000018374
1449,Employee_449,45,Finance,38329,1970-01-01 00:00:00.000016832
1450,Employee_450,44,HR,64865,1970-01-01 00:00:00.000017402
1451,Employee_451,53,Finance,76850,1970-01-01 00:00:00.000016307
1452,Employee_452,58,Finance,84220,1970-01-01 00:00:00.000018072
1453,Employee_453,33,IT,36397,1970-01-01 00:00:00.000018673
1454,Employee_454,34,IT,65525,1970-01-01 00:00:00.000016134
1455,Employee_455,44,IT,83072,1970-01-01 00:00:00.000019370
1456,Employee_456,46,IT,113820,1970-01-01 00:00:00.000014642
1457,Employee_457,56,Sales,114530,1970-01-01 00:00:00.000018635
1458,Employee_458,51,Marketing,53284,1970-01-01 00:00:00.000017176
1459,Employee_459,38,HR,91330,1970-01-01 00:00:00.000017413
1460,Employee_460,41,Finance,113369,1970-01-01 00:00:00.000018506
1461,Employee_461,46,Sales,55122,1970-01-01 00:00:00.000018319
1462,Employee_462,43,HR,100553,1970-01-01 00:00:00.000015329
1463,Employee_463,34,Sales,111906,1970-01-01 00:00:00.000019189
1464,Employee_464,40,Sales,92812,1970-01-01 00:00:00.000015582
1465,Employee_465,57,Finance,37999,1970-01-01 00:00:00.000018328
1466,Employee_466,33,Marketing,52436,1970-01-01 00:00:00.000019012
1467,Employee_467,40,IT,72963,1970-01-01 00:00:00.000019162
1468,Employee_468,33,Marketing,32096,1970-01-01 00:00:00.000016817
1469,Employee_469,30,Finance,55279,1970-01-01 00:00:00.000019036
1470,Employee_470,28,Finance,56201,1970-01-01 00:00:00.000018930
1471,Employee_471,49,Finance,49715,1970-01-01 00:00:00.000017640
1472,Employee_472,35,HR,59309,1970-01-01 00:00:00.000018185
1473,Employee_473,52,Marketing,45078,1970-01-01 00:00:00.000017726
1474,Employee_474,40,Marketing,86614,1970-01-01 00:00:00.000017895
1475,Employee_475,37,Sales,35105,1970-01-01 00:00:00.000015253
1476,Employee_476,26,Sales,32839,1970-01-01 00:00:00.000019321
1477,Employee_477,56,Sales,98920,1970-01-01 00:00:00.000014804
1478,Employee_478,33,Finance,73619,1970-01-01 00:00:00.000018606
1479,Employee_479,46,Marketing,72821,1970-01-01 00:00:00.000015098
1480,Employee_480,42,Finance,43493,1970-01-01 00:00:00.000016814
1481,Employee_481,57,HR,47069,1970-01-01 00:00:00.000017267
1482,Employee_482,44,Sales,37531,1970-01-01 00:00:00.000017886
1483,Employee_483,37,Finance,67051,1970-01-01 00:00:00.000015712
1484,Employee_484,35,Finance,37736,1970-01-01 00:00:00.000015851
1485,Employee_485,52,HR,37710,1970-01-01 00:00:00.000015125
1486,Employee_486,26,IT,97155,1970-01-01 00:00:00.000015002
1487,Employee_487,56,Marketing,43975,1970-01-01 00:00:00.000015240
1488,Employee_488,44,IT,92424,1970-01-01 00:00:00.000018326
1489,Employee_489,50,Sales,75603,1970-01-01 00:00:00.000016457
1490,Employee_490,32,Finance,53252,1970-01-01 00:00:00.000017265
1491,Employee_491,39,HR,110797,1970-01-01 00:00:00.000015589
1492,Employee_492,33,HR,31431,1970-01-01 00:00:00.000019139
1493,Employee_493,30,Marketing,104603,1970-01-01 00:00:00.000018012
1494,Employee_494,31,IT,67481,1970-01-01 00:00:00.000018481
1495,Employee_495,38,Marketing,39557,1970-01-01 00:00:00.000014887
1496,Employee_496,59,Finance,104971,1970-01-01 00:00:00.000014842
1497,Employee_497,28,Marketing,30162,1970-01-01 00:00:00.000016162
1498,Employee_498,34,HR,64742,1970-01-01 00:00:00.000017880
1499,Employee_499,30,HR,49675,1970-01-01 00:00:00.000017019
1500,Employee_500,48,Sales,103997,1970-01-01 00:00:00.000018122
1501,Employee_501,23,Sales,47015,1970-01-01 00:00:00.000014635
1502,Employee_502,26,Finance,80057,1970-01-01 00:00:00.000015070
1503,Employee_503,50,IT,62591,1970-01-01 00:00:00.000018374
1504,Employee_504,58,Marketing,39833,1970-01-01 00:00:00.000018041
1505,Employee_505,59,Finance,37896,1970-01-01 00:00:00.000019712
1506,Employee_506,40,Sales,62972,1970-01-01 00:00:00.000018093
1507,Employee_507,29,Marketing,79733,1970-01-01 00:00:00.000016604
1508,Employee_508,22,Sales,71800,1970-01-01 00:00:00.000015100
1509,Employee_509,43,Marketing,35347,1970-01-01 00:00:00.000015682
1510,Employee_510,38,IT,89063,1970-01-01 00:00:00.000017783
1511,Employee_511,28,Finance,32643,1970-01-01 00:00:00.000014825
1512,Employee_512,46,Marketing,70785,1970-01-01 00:00:00.000016333
1513,Employee_513,25,HR,48681,1970-01-01 00:00:00.000016202
1514,Employee_514,57,HR,80026,1970-01-01 00:00:00.000017216
1515,Employee_515,27,Marketing,45892,1970-01-01 00:00:00.000014768
1516,Employee_516,52,Marketing,77299,1970-01-01 00:00:00.000019391
1517,Employee_517,40,Marketing,47073,1970-01-01 00:00:00.000017923
1518,Employee_518,48,HR,60682,1970-01-01 00:00:00.000017451
1519,Employee_519,31,HR,44289,1970-01-01 00:00:00.000016386
1520,Employee_520,47,Marketing,37927,1970-01-01 00:00:00.000016662
1521,Employee_521,40,Sales,78330,1970-01-01 00:00:00.000016905
1522,Employee_522,24,Sales,96707,1970-01-01 00:00:00.000016306
1523,Employee_523,34,IT,107454,1970-01-01 00:00:00.000017603
1524,Employee_524,49,Finance,95428,1970-01-01 00:00:00.000017079
1525,Employee_525,41,Sales,80601,1970-01-01 00:00:00.000016556
1526,Employee_526,49,HR,107465,1970-01-01 00:00:00.000018419
1527,Employee_527,29,Sales,32539,1970-01-01 00:00:00.000017393
1528,Employee_528,22,IT,52669,1970-01-01 00:00:00.000018254
1529,Employee_529,24,IT,100968,1970-01-01 00:00:00.000017110
1530,Employee_530,34,Finance,50644,1970-01-01 00:00:00.000018255
1531,Employee_531,49,Sales,48745,1970-01-01 00:00:00.000017255
1532,Employee_532,46,HR,58228,1970-01-01 00:00:00.000016959
1533,Employee_533,54,HR,64521,1970-01-01 00:00:00.000016542
1534,Employee_534,59,Marketing,56928,1970-01-01 00:00:00.000017904
1535,Employee_535,27,HR,48322,1970-01-01 00:00:00.000016367
1536,Employee_536,53,Finance,87714,1970-01-01 00:00:00.000019695
1537,Employee_537,42,Finance,117896,1970-01-01 00:00:00.000015726
1538,Employee_538,37,HR,92292,1970-01-01 00:00:00.000017177
1539,Employee_539,42,HR,59055,1970-01-01 00:00:00.000018109
1540,Employee_540,32,Marketing,72891,1970-01-01 00:00:00.000015102
1541,Employee_541,58,HR,111912,1970-01-01 00:00:00.000017916
1542,Employee_542,57,Marketing,36588,1970-01-01 00:00:00.000015229
1543,Employee_543,56,Marketing,36304,1970-01-01 00:00:00.000017842
1544,Employee_544,40,HR,37345,1970-01-01 00:00:00.000018433
1545,Employee_545,41,IT,59300,1970-01-01 00:00:00.000016990
1546,Employee_546,39,IT,54259,1970-01-01 00:00:00.000016156
1547,Employee_547,35,Marketing,118553,1970-01-01 00:00:00.000019568
1548,Employee_548,36,HR,45352,1970-01-01 00:00:00.000018173
1549,Employee_549,52,IT,63365,1970-01-01 00:00:00.000016215
1550,Employee_550,22,HR,49446,1970-01-01 00:00:00.000018362
1551,Employee_551,24,HR,32336,1970-01-01 00:00:00.000019285
1552,Employee_552,37,HR,92032,1970-01-01 00:00:00.000016500
1553,Employee_553,44,Sales,105415,1970-01-01 00:00:00.000015885
1554,Employee_554,32,HR,37521,1970-01-01 00:00:00.000017353
1555,Employee_555,33,Sales,101707,1970-01-01 00:00:00.000017103
1556,Employee_556,31,Marketing,53481,1970-01-01 00:00:00.000014966
1557,Employee_557,53,IT,48474,1970-01-01 00:00:00.000015479
1558,Employee_558,37,IT,76760,1970-01-01 00:00:00.000015495
1559,Employee_559,29,IT,85718,1970-01-01 00:00:00.000016611
1560,Employee_560,59,IT,74629,1970-01-01 00:00:00.000015893
1561,Employee_561,33,IT,75232,1970-01-01 00:00:00.000015229
1562,Employee_562,45,IT,116544,1970-01-01 00:00:00.000015492
1563,Employee_563,49,IT,97169,1970-01-01 00:00:00.000015406
1564,Employee_564,29,Marketing,80669,1970-01-01 00:00:00.000018252
1565,Employee_565,49,HR,108021,1970-01-01 00:00:00.000018035
1566,Employee_566,57,Finance,99184,1970-01-01 00:00:00.000015906
1567,Employee_567,47,Sales,77945,1970-01-01 00:00:00.000019324
1568,Employee_568,29,Finance,43140,1970-01-01 00:00:00.000014854
1569,Employee_569,49,Finance,113457,1970-01-01 00:00:00.000017505
1570,Employee_570,49,HR,44357,1970-01-01 00:00:00.000015539
1571,Employee_571,58,HR,98673,1970-01-01 00:00:00.000015129
1572,Employee_572,57,HR,95633,1970-01-01 00:00:00.000017822
1573,Employee_573,48,IT,106943,1970-01-01 00:00:00.000017019
1574,Employee_574,38,Marketing,108258,1970-01-01 00:00:00.000014617
1575,Employee_575,30,IT,42924,1970-01-01 00:00:00.000017135
1576,Employee_576,54,Marketing,99286,1970-01-01 00:00:00.000018033
1577,Employee_577,41,Marketing,104071,1970-01-01 00:00:00.000016629
1578,Employee_578,34,Finance,87326,1970-01-01 00:00:00.000019200
1579,Employee_579,49,Finance,60651,1970-01-01 00:00:00.000018892
1580,Employee_580,50,Marketing,100202,1970-01-01 00:00:00.000018277
1581,Employee_581,34,Marketing,78777,1970-01-01 00:00:00.000018281
1582,Employee_582,56,IT,46994,1970-01-01 00:00:00.000017411
1583,Employee_583,27,IT,97263,1970-01-01 00:00:00.000014695
1584,Employee_584,39,Finance,89634,1970-01-01 00:00:00.000017725
1585,Employee_585,26,HR,40800,1970-01-01 00:00:00.000018842
1586,Employee_586,46,Marketing,67823,1970-01-01 00:00:00.000017078
1587,Employee_587,23,IT,93878,1970-01-01 00:00:00.000018229
1588,Employee_588,31,Finance,48708,1970-01-01 00:00:00.000016246
1589,Employee_589,51,IT,42819,1970-01-01 00:00:00.000018193
1590,Employee_590,26,Marketing,104905,1970-01-01 00:00:00.000018619
1591,Employee_591,54,Marketing,93870,1970-01-01 00:00:00.000017936
1592,Employee_592,22,Sales,39283,1970-01-01 00:00:00.000016828
1593,Employee_593,39,HR,60573,1970-01-01 00:00:00.000016827
1594,Employee_594,53,Sales,108707,1970-01-01 00:00:00.000019577
1595,Employee_595,32,Finance,60933,1970-01-01 00:00:00.000016979
1596,Employee_596,42,IT,35774,1970-01-01 00:00:00.000018248
1597,Employee_597,47,Finance,102055,1970-01-01 00:00:00.000017113
1598,Employee_598,46,Marketing,40983,1970-01-01 00:00:00.000015553
1599,Employee_599,43,Sales,48133,1970-01-01 00:00:00.000017447
1600,Employee_600,48,Sales,44939,1970-01-01 00:00:00.000017270
1601,Employee_601,34,Sales,30781,1970-01-01 00:00:00.000017546
1602,Employee_602,54,Finance,86700,1970-01-01 00:00:00.000019054
1603,Employee_603,55,Marketing,57624,1970-01-01 00:00:00.000018557
1604,Employee_604,56,IT,36823,1970-01-01 00:00:00.000016286
1605,Employee_605,22,IT,48489,1970-01-01 00:00:00.000015806
1606,Employee_606,42,Finance,69961,1970-01-01 00:00:00.000018715
1607,Employee_607,27,Sales,59118,1970-01-01 00:00:00.000017397
1608,Employee_608,49,HR,111816,1970-01-01 00:00:00.000016071
1609,Employee_609,38,Finance,52263,1970-01-01 00:00:00.000017928
1610,Employee_610,26,Finance,43565,1970-01-01 00:00:00.000015276
1611,Employee_611,52,Marketing,50354,1970-01-01 00:00:00.000016786
1612,Employee_612,26,IT,72951,1970-01-01 00:00:00.000018353
1613,Employee_613,59,Finance,53648,1970-01-01 00:00:00.000015210
1614,Employee_614,24,Finance,80729,1970-01-01 00:00:00.000017262
1615,Employee_615,44,Sales,71971,1970-01-01 00:00:00.000019032
1616,Employee_616,58,Sales,48658,1970-01-01 00:00:00.000018434
1617,Employee_617,58,HR,51253,1970-01-01 00:00:00.000018516
1618,Employee_618,31,Marketing,94166,1970-01-01 00:00:00.000015589
1619,Employee_619,31,HR,78563,1970-01-01 00:00:00.000017061
1620,Employee_620,40,Sales,56390,1970-01-01 00:00:00.000015238
1621,Employee_621,38,IT,118664,1970-01-01 00:00:00.000016239
1622,Employee_622,42,Sales,81578,1970-01-01 00:00:00.000018306
1623,Employee_623,35,Marketing,109025,1970-01-01 00:00:00.000018040
1624,Employee_624,30,Sales,62658,1970-01-01 00:00:00.000018284
1625,Employee_625,22,Marketing,36852,1970-01-01 00:00:00.000018539
1626,Employee_626,34,Marketing,32551,1970-01-01 00:00:00.000017375
1627,Employee_627,25,Marketing,101947,1970-01-01 00:00:00.000018979
1628,Employee_628,22,Marketing,91001,1970-01-01 00:00:00.000019390
1629,Employee_629,53,Marketing,79159,1970-01-01 00:00:00.000014725
1630,Employee_630,55,IT,81707,1970-01-01 00:00:00.000019566
1631,Employee_631,49,HR,63243,1970-01-01 00:00:00.000016613
1632,Employee_632,52,Finance,51800,1970-01-01 00:00:00.000015302
1633,Employee_633,29,HR,105939,1970-01-01 00:00:00.000017772
1634,Employee_634,47,Marketing,87828,1970-01-01 00:00:00.000015715
1635,Employee_635,55,IT,37239,1970-01-01 00:00:00.000017618
1636,Employee_636,24,Sales,36710,1970-01-01 00:00:00.000016771
1637,Employee_637,33,IT,51384,1970-01-01 00:00:00.000014763
1638,Employee_638,22,Marketing,51038,1970-01-01 00:00:00.000018309
1639,Employee_639,26,IT,70846,1970-01-01 00:00:00.000019020
1640,Employee_640,51,IT,117983,1970-01-01 00:00:00.000018396
1641,Employee_641,51,Marketing,97821,1970-01-01 00:00:00.000015674
1642,Employee_642,38,IT,67991,1970-01-01 00:00:00.000018810
1643,Employee_643,44,Finance,109057,1970-01-01 00:00:00.000016523
1644,Employee_644,36,Finance,36971,1970-01-01 00:00:00.000015826
1645,Employee_645,58,IT,59139,1970-01-01 00:00:00.000017011
1646,Employee_646,42,Sales,115445,1970-01-01 00:00:00.000016382
1647,Employee_647,35,Marketing,107067,1970-01-01 00:00:00.000016570
1648,Employee_648,23,Finance,110257,1970-01-01 00:00:00.000017390
1649,Employee_649,32,Sales,114742,1970-01-01 00:00:00.000019414
1650,Employee_650,59,IT,67711,1970-01-01 00:00:00.000019356
1651,Employee_651,55,Sales,36530,1970-01-01 00:00:00.000017481
1652,Employee_652,59,HR,41116,1970-01-01 00:00:00.000019652
1653,Employee_653,55,Finance,95794,1970-01-01 00:00:00.000015270
1654,Employee_654,39,IT,30282,1970-01-01 00:00:00.000017245
1655,Employee_655,51,Marketing,109473,1970-01-01 00:00:00.000016939
1656,Employee_656,36,IT,31898,1970-01-01 00:00:00.000018564
1657,Employee_657,48,Marketing,34135,1970-01-01 00:00:00.000017060
1658,Employee_658,55,IT,36629,1970-01-01 00:00:00.000015742
1659,Employee_659,59,Sales,115120,1970-01-01 00:00:00.000015309
1660,Employee_660,54,Sales,119087,1970-01-01 00:00:00.000016648
1661,Employee_661,45,Sales,95031,1970-01-01 00:00:00.000019257
1662,Employee_662,36,HR,63380,1970-01-01 00:00:00.000019110
1663,Employee_663,51,Marketing,47071,1970-01-01 00:00:00.000019167
1664,Employee_664,38,Sales,50074,1970-01-01 00:00:00.000016789
1665,Employee_665,26,HR,97843,1970-01-01 00:00:00.000017448
1666,Employee_666,50,Marketing,69901,1970-01-01 00:00:00.000015483
1667,Employee_667,25,IT,41205,1970-01-01 00:00:00.000014693
1668,Employee_668,31,HR,85661,1970-01-01 00:00:00.000016032
1669,Employee_669,38,Finance,35906,1970-01-01 00:00:00.000017285
1670,Employee_670,31,HR,32591,1970-01-01 00:00:00.000017790
1671,Employee_671,38,HR,92987,1970-01-01 00:00:00.000018926
1672,Employee_672,41,Marketing,93370,1970-01-01 00:00:00.000018585
1673,Employee_673,45,IT,110685,1970-01-01 00:00:00.000016001
1674,Employee_674,26,Finance,84400,1970-01-01 00:00:00.000017828
1675,Employee_675,55,Sales,55150,1970-01-01 00:00:00.000018817
1676,Employee_676,27,Sales,61852,1970-01-01 00:00:00.000015224
1677,Employee_677,23,HR,72870,1970-01-01 00:00:00.000017581
1678,Employee_678,34,Marketing,82756,1970-01-01 00:00:00.000018175
1679,Employee_679,32,Marketing,86481,1970-01-01 00:00:00.000018186
1680,Employee_680,44,Sales,31283,1970-01-01 00:00:00.000019180
1681,Employee_681,37,Finance,63691,1970-01-01 00:00:00.000014880
1682,Employee_682,52,IT,31125,1970-01-01 00:00:00.000018676
1683,Employee_683,32,Finance,97065,1970-01-01 00:00:00.000017078
1684,Employee_684,37,IT,56170,1970-01-01 00:00:00.000016000
1685,Employee_685,29,Sales,38438,1970-01-01 00:00:00.000017964
1686,Employee_686,25,IT,50095,1970-01-01 00:00:00.000018745
1687,Employee_687,25,Marketing,46154,1970-01-01 00:00:00.000019699
1688,Employee_688,46,HR,38004,1970-01-01 00:00:00.000018217
1689,Employee_689,24,HR,39752,1970-01-01 00:00:00.000017193
1690,Employee_690,53,Sales,85426,1970-01-01 00:00:00.000018683
1691,Employee_691,24,Marketing,56819,1970-01-01 00:00:00.000017685
1692,Employee_692,48,Finance,54217,1970-01-01 00:00:00.000018516
1693,Employee_693,50,Marketing,118708,1970-01-01 00:00:00.000014899
1694,Employee_694,53,HR,62994,1970-01-01 00:00:00.000017090
1695,Employee_695,40,HR,45036,1970-01-01 00:00:00.000017862
1696,Employee_696,42,Marketing,107275,1970-01-01 00:00:00.000014888
1697,Employee_697,26,Marketing,79416,1970-01-01 00:00:00.000017534
1698,Employee_698,39,HR,39587,1970-01-01 00:00:00.000015190
1699,Employee_699,49,Finance,30645,1970-01-01 00:00:00.000019568
1700,Employee_700,43,Sales,60930,1970-01-01 00:00:00.000014863
1701,Employee_701,42,Sales,111835,1970-01-01 00:00:00.000018886
1702,Employee_702,27,Marketing,60090,1970-01-01 00:00:00.000019386
1703,Employee_703,22,Sales,117489,1970-01-01 00:00:00.000015434
1704,Employee_704,26,HR,82142,1970-01-01 00:00:00.000018442
1705,Employee_705,33,HR,56475,1970-01-01 00:00:00.000015309
1706,Employee_706,47,Marketing,48888,1970-01-01 00:00:00.000015990
1707,Employee_707,55,Marketing,73732,1970-01-01 00:00:00.000018506
1708,Employee_708,35,Marketing,111623,1970-01-01 00:00:00.000016283
1709,Employee_709,47,Finance,76305,1970-01-01 00:00:00.000017337
1710,Employee_710,48,Sales,76037,1970-01-01 00:00:00.000017766
1711,Employee_711,30,Marketing,39346,1970-01-01 00:00:00.000017998
1712,Employee_712,47,IT,30587,1970-01-01 00:00:00.000018917
1713,Employee_713,43,IT,42763,1970-01-01 00:00:00.000014993
1714,Employee_714,51,HR,89165,1970-01-01 00:00:00.000014951
1715,Employee_715,38,Sales,99615,1970-01-01 00:00:00.000016597
1716,Employee_716,47,Marketing,66116,1970-01-01 00:00:00.000018669
1717,Employee_717,57,IT,115751,1970-01-01 00:00:00.000019549
1718,Employee_718,22,Sales,55556,1970-01-01 00:00:00.000017719
1719,Employee_719,29,HR,89042,1970-01-01 00:00:00.000018692
1720,Employee_720,56,Finance,48099,1970-01-01 00:00:00.000019125
1721,Employee_721,36,Sales,75096,1970-01-01 00:00:00.000017408
1722,Employee_722,43,Sales,101986,1970-01-01 00:00:00.000017850
1723,Employee_723,35,Finance,43230,1970-01-01 00:00:00.000016598
1724,Employee_724,47,Sales,59009,1970-01-01 00:00:00.000018024
1725,Employee_725,49,HR,100969,1970-01-01 00:00:00.000016459
1726,Employee_726,44,HR,63866,1970-01-01 00:00:00.000014915
1727,Employee_727,35,Finance,114246,1970-01-01 00:00:00.000018223
1728,Employee_728,45,Marketing,106975,1970-01-01 00:00:00.000017359
1729,Employee_729,23,IT,71855,1970-01-01 00:00:00.000019574
1730,Employee_730,47,Marketing,111557,1970-01-01 00:00:00.000015745
1731,Employee_731,35,Sales,36416,1970-01-01 00:00:00.000014815
1732,Employee_732,28,IT,102516,1970-01-01 00:00:00.000019201
1733,Employee_733,24,Finance,85915,1970-01-01 00:00:00.000018060
1734,Employee_734,44,Finance,48058,1970-01-01 00:00:00.000018421
1735,Employee_735,39,IT,106637,1970-01-01 00:00:00.000018232
1736,Employee_736,59,HR,70718,1970-01-01 00:00:00.000018209
1737,Employee_737,56,IT,62602,1970-01-01 00:00:00.000017161
1738,Employee_738,36,Sales,104658,1970-01-01 00:00:00.000018918
1739,Employee_739,46,HR,108112,1970-01-01 00:00:00.000014919
1740,Employee_740,58,Finance,88067,1970-01-01 00:00:00.000017318
1741,Employee_741,49,IT,57516,1970-01-01 00:00:00.000016601
1742,Employee_742,31,Marketing,117969,1970-01-01 00:00:00.000014881
1743,Employee_743,38,Marketing,31089,1970-01-01 00:00:00.000018252
1744,Employee_744,43,Sales,67346,1970-01-01 00:00:00.000018696
1745,Employee_745,47,Marketing,104663,1970-01-01 00:00:00.000016432
1746,Employee_746,46,IT,40487,1970-01-01 00:00:00.000017883
1747,Employee_747,38,IT,30155,1970-01-01 00:00:00.000019148
1748,Employee_748,34,Marketing,97494,1970-01-01 00:00:00.000018959
1749,Employee_749,41,IT,106229,1970-01-01 00:00:00.000015130
1750,Employee_750,46,Sales,68547,1970-01-01 00:00:00.000015586
1751,Employee_751,25,HR,58795,1970-01-01 00:00:00.000018332
1752,Employee_752,31,Sales,85296,1970-01-01 00:00:00.000018161
1753,Employee_753,24,Sales,51447,1970-01-01 00:00:00.000018715
1754,Employee_754,39,IT,66598,1970-01-01 00:00:00.000017383
1755,Employee_755,57,HR,71814,1970-01-01 00:00:00.000017162
1756,Employee_756,43,IT,105330,1970-01-01 00:00:00.000017442
1757,Employee_757,55,Finance,117960,1970-01-01 00:00:00.000018517
1758,Employee_758,29,IT,93278,1970-01-01 00:00:00.000014762
1759,Employee_759,40,IT,85077,1970-01-01 00:00:00.000017574
1760,Employee_760,58,IT,101906,1970-01-01 00:00:00.000017526
1761,Employee_761,27,HR,39528,1970-01-01 00:00:00.000017410
1762,Employee_762,47,IT,80100,1970-01-01 00:00:00.000016362
1763,Employee_763,55,HR,38179,1970-01-01 00:00:00.000017220
1764,Employee_764,27,Marketing,78781,1970-01-01 00:00:00.000018485
1765,Employee_765,58,Finance,85267,1970-01-01 00:00:00.000015714
1766,Employee_766,54,HR,112379,1970-01-01 00:00:00.000017146
1767,Employee_767,43,Marketing,53952,1970-01-01 00:00:00.000019600
1768,Employee_768,42,HR,83798,1970-01-01 00:00:00.000018809
1769,Employee_769,27,HR,80939,1970-01-01 00:00:00.000018464
1770,Employee_770,27,Finance,59516,1970-01-01 00:00:00.000018104
1771,Employee_771,25,Sales,86526,1970-01-01 00:00:00.000016524
1772,Employee_772,51,Sales,40449,1970-01-01 00:00:00.000017682
1773,Employee_773,32,HR,80290,1970-01-01 00:00:00.000015616
1774,Employee_774,51,IT,116661,1970-01-01 00:00:00.000015016
1775,Employee_775,52,Marketing,102954,1970-01-01 00:00:00.000014776
1776,Employee_776,45,IT,52746,1970-01-01 00:00:00.000015118
1777,Employee_777,30,IT,97990,1970-01-01 00:00:00.000016271
1778,Employee_778,24,HR,88810,1970-01-01 00:00:00.000018274
1779,Employee_779,52,HR,113297,1970-01-01 00:00:00.000018099
1780,Employee_780,58,HR,45223,1970-01-01 00:00:00.000019468
1781,Employee_781,57,HR,102237,1970-01-01 00:00:00.000015290
1782,Employee_782,45,Sales,32597,1970-01-01 00:00:00.000017134
1783,Employee_783,52,HR,95677,1970-01-01 00:00:00.000016730
1784,Employee_784,27,Sales,32659,1970-01-01 00:00:00.000019287
1785,Employee_785,23,Sales,116516,1970-01-01 00:00:00.000018967
1786,Employee_786,41,HR,104567,1970-01-01 00:00:00.000015973
1787,Employee_787,49,Finance,45037,1970-01-01 00:00:00.000015941
1788,Employee_788,32,Marketing,76738,1970-01-01 00:00:00.000016902
1789,Employee_789,25,IT,101678,1970-01-01 00:00:00.000016148
1790,Employee_790,36,Sales,42109,1970-01-01 00:00:00.000018018
1791,Employee_791,27,Marketing,52010,1970-01-01 00:00:00.000015170
1792,Employee_792,51,Finance,38787,1970-01-01 00:00:00.000015709
1793,Employee_793,59,IT,38472,1970-01-01 00:00:00.000016513
1794,Employee_794,23,IT,53383,1970-01-01 00:00:00.000014784
1795,Employee_795,36,Sales,91709,1970-01-01 00:00:00.000016766
1796,Employee_796,32,HR,99785,1970-01-01 00:00:00.000016840
1797,Employee_797,29,Finance,64518,1970-01-01 00:00:00.000018897
1798,Employee_798,47,Sales,83909,1970-01-01 00:00:00.000018770
1799,Employee_799,26,Finance,48351,1970-01-01 00:00:00.000018530
1800,Employee_800,27,HR,99624,1970-01-01 00:00:00.000016107
1801,Employee_801,47,HR,83330,1970-01-01 00:00:00.000018464
1802,Employee_802,25,Sales,45282,1970-01-01 00:00:00.000017781
1803,Employee_803,40,HR,114866,1970-01-01 00:00:00.000016177
1804,Employee_804,41,Marketing,51778,1970-01-01 00:00:00.000015761
1805,Employee_805,54,IT,54264,1970-01-01 00:00:00.000014978
1806,Employee_806,41,Sales,89675,1970-01-01 00:00:00.000019556
1807,Employee_807,33,Finance,35075,1970-01-01 00:00:00.000014652
1808,Employee_808,22,Marketing,105948,1970-01-01 00:00:00.000016517
1809,Employee_809,47,Sales,78454,1970-01-01 00:00:00.000018100
1810,Employee_810,35,HR,58365,1970-01-01 00:00:00.000017145
1811,Employee_811,59,HR,102766,1970-01-01 00:00:00.000018783
1812,Employee_812,58,HR,78200,1970-01-01 00:00:00.000017483
1813,Employee_813,32,HR,41002,1970-01-01 00:00:00.000016434
1814,Employee_814,57,Finance,43947,1970-01-01 00:00:00.000015903
1815,Employee_815,34,Marketing,109222,1970-01-01 00:00:00.000019379
1816,Employee_816,24,IT,108610,1970-01-01 00:00:00.000019406
1817,Employee_817,54,Finance,82142,1970-01-01 00:00:00.000019464
1818,Employee_818,27,Finance,86307,1970-01-01 00:00:00.000017996
1819,Employee_819,31,IT,34493,1970-01-01 00:00:00.000017582
1820,Employee_820,26,IT,80085,1970-01-01 00:00:00.000018532
1821,Employee_821,44,HR,64228,1970-01-01 00:00:00.000019607
1822,Employee_822,31,Finance,109676,1970-01-01 00:00:00.000015602
1823,Employee_823,23,Sales,81875,1970-01-01 00:00:00.000016996
1824,Employee_824,34,IT,61655,1970-01-01 00:00:00.000016850
1825,Employee_825,23,IT,73472,1970-01-01 00:00:00.000016086
1826,Employee_826,41,Marketing,79437,1970-01-01 00:00:00.000018017
1827,Employee_827,22,Sales,79416,1970-01-01 00:00:00.000014999
1828,Employee_828,58,Sales,89711,1970-01-01 00:00:00.000015609
1829,Employee_829,30,IT,36816,1970-01-01 00:00:00.000019230
1830,Employee_830,38,HR,107175,1970-01-01 00:00:00.000016465
1831,Employee_831,30,Marketing,94307,1970-01-01 00:00:00.000015268
1832,Employee_832,32,Sales,76733,1970-01-01 00:00:00.000017373
1833,Employee_833,36,IT,41240,1970-01-01 00:00:00.000018273
1834,Employee_834,45,Sales,101363,1970-01-01 00:00:00.000019596
1835,Employee_835,59,Marketing,62762,1970-01-01 00:00:00.000016091
1836,Employee_836,56,Marketing,38259,1970-01-01 00:00:00.000018341
1837,Employee_837,51,Finance,80139,1970-01-01 00:00:00.000015061
1838,Employee_838,52,IT,44849,1970-01-01 00:00:00.000017085
1839,Employee_839,26,Marketing,111768,1970-01-01 00:00:00.000017832
1840,Employee_840,35,Finance,119709,1970-01-01 00:00:00.000016147
1841,Employee_841,32,Finance,84869,1970-01-01 00:00:00.000017703
1842,Employee_842,30,Sales,93095,1970-01-01 00:00:00.000015492
1843,Employee_843,55,Sales,100910,1970-01-01 00:00:00.000019018
1844,Employee_844,33,Finance,116710,1970-01-01 00:00:00.000018678
1845,Employee_845,56,Sales,53567,1970-01-01 00:00:00.000019545
1846,Employee_846,56,Marketing,65292,1970-01-01 00:00:00.000017176
1847,Employee_847,22,HR,104813,1970-01-01 00:00:00.000017887
1848,Employee_848,43,Marketing,81631,1970-01-01 00:00:00.000014984
1849,Employee_849,50,Finance,39885,1970-01-01 00:00:00.000019156
1850,Employee_850,29,Finance,89659,1970-01-01 00:00:00.000018307
1851,Employee_851,32,Marketing,84306,1970-01-01 00:00:00.000017672
1852,Employee_852,58,Sales,96314,1970-01-01 00:00:00.000019300
1853,Employee_853,35,Sales,95087,1970-01-01 00:00:00.000017860
1854,Employee_854,51,Finance,59165,1970-01-01 00:00:00.000019205
1855,Employee_855,56,IT,88929,1970-01-01 00:00:00.000019169
1856,Employee_856,42,Sales,97028,1970-01-01 00:00:00.000014722
1857,Employee_857,58,Marketing,79812,1970-01-01 00:00:00.000017807
1858,Employee_858,26,Sales,80500,1970-01-01 00:00:00.000016988
1859,Employee_859,40,Marketing,109151,1970-01-01 00:00:00.000016534
1860,Employee_860,35,Finance,88643,1970-01-01 00:00:00.000014749
1861,Employee_861,47,Sales,74900,1970-01-01 00:00:00.000016034
1862,Employee_862,25,Marketing,72946,1970-01-01 00:00:00.000017559
1863,Employee_863,46,Finance,37851,1970-01-01 00:00:00.000017778
1864,Employee_864,46,IT,46288,1970-01-01 00:00:00.000015126
1865,Employee_865,39,Marketing,102692,1970-01-01 00:00:00.000017226
1866,Employee_866,29,IT,97580,1970-01-01 00:00:00.000015497
1867,Employee_867,35,IT,37368,1970-01-01 00:00:00.000017714
1868,Employee_868,53,HR,115436,1970-01-01 00:00:00.000014659
1869,Employee_869,59,Sales,76403,1970-01-01 00:00:00.000018561
1870,Employee_870,54,Marketing,39168,1970-01-01 00:00:00.000018170
1871,Employee_871,44,IT,116497,1970-01-01 00:00:00.000014628
1872,Employee_872,36,HR,79879,1970-01-01 00:00:00.000019431
1873,Employee_873,54,Finance,89871,1970-01-01 00:00:00.000016083
1874,Employee_874,46,Marketing,119388,1970-01-01 00:00:00.000018671
1875,Employee_875,38,IT,62174,1970-01-01 00:00:00.000017216
1876,Employee_876,54,Sales,36581,1970-01-01 00:00:00.000015061
1877,Employee_877,23,HR,101853,1970-01-01 00:00:00.000018375
1878,Employee_878,35,IT,94046,1970-01-01 00:00:00.000017048
1879,Employee_879,27,Sales,79678,1970-01-01 00:00:00.000018920
1880,Employee_880,27,IT,56649,1970-01-01 00:00:00.000016159
1881,Employee_881,24,Marketing,118668,1970-01-01 00:00:00.000018084
1882,Employee_882,28,Marketing,112325,1970-01-01 00:00:00.000014737
1883,Employee_883,29,Marketing,44567,1970-01-01 00:00:00.000019465
1884,Employee_884,36,HR,110404,1970-01-01 00:00:00.000017371
1885,Employee_885,50,Marketing,119906,1970-01-01 00:00:00.000019066
1886,Employee_886,54,Sales,91944,1970-01-01 00:00:00.000019274
1887,Employee_887,51,IT,108002,1970-01-01 00:00:00.000016025
1888,Employee_888,48,Finance,58803,1970-01-01 00:00:00.000014811
1889,Employee_889,57,Sales,48230,1970-01-01 00:00:00.000016979
1890,Employee_890,50,Sales,47862,1970-01-01 00:00:00.000015127
1891,Employee_891,59,Marketing,73355,1970-01-01 00:00:00.000015951
1892,Employee_892,54,HR,61259,1970-01-01 00:00:00.000019386
1893,Employee_893,58,IT,117445,1970-01-01 00:00:00.000016598
1894,Employee_894,48,HR,60795,1970-01-01 00:00:00.000018155
1895,Employee_895,54,IT,38770,1970-01-01 00:00:00.000019130
1896,Employee_896,25,IT,41093,1970-01-01 00:00:00.000018412
1897,Employee_897,43,HR,76571,1970-01-01 00:00:00.000017885
1898,Employee_898,23,Sales,30193,1970-01-01 00:00:00.000018264
1899,Employee_899,31,IT,47569,1970-01-01 00:00:00.000017044
1900,Employee_900,26,HR,41190,1970-01-01 00:00:00.000019483
1901,Employee_901,31,IT,92824,1970-01-01 00:00:00.000014817
1902,Employee_902,54,Finance,72752,1970-01-01 00:00:00.000017243
1903,Employee_903,59,Sales,62327,1970-01-01 00:00:00.000018727
1904,Employee_904,34,Marketing,72070,1970-01-01 00:00:00.000014763
1905,Employee_905,52,IT,115925,1970-01-01 00:00:00.000017976
1906,Employee_906,57,Finance,70197,1970-01-01 00:00:00.000018924
1907,Employee_907,45,Marketing,32261,1970-01-01 00:00:00.000019374
1908,Employee_908,36,Marketing,56512,1970-01-01 00:00:00.000016128
1909,Employee_909,50,IT,36716,1970-01-01 00:00:00.000017210
1910,Employee_910,29,HR,116795,1970-01-01 00:00:00.000019655
1911,Employee_911,26,IT,58933,1970-01-01 00:00:00.000016805
1912,Employee_912,50,Finance,34378,1970-01-01 00:00:00.000019108
1913,Employee_913,25,Marketing,70583,1970-01-01 00:00:00.000019301
1914,Employee_914,33,IT,115371,1970-01-01 00:00:00.000018164
1915,Employee_915,23,HR,59033,1970-01-01 00:00:00.000017024
1916,Employee_916,48,IT,54000,1970-01-01 00:00:00.000017459
1917,Employee_917,52,Sales,105868,1970-01-01 00:00:00.000016352
1918,Employee_918,57,HR,72604,1970-01-01 00:00:00.000015916
1919,Employee_919,57,Finance,98336,1970-01-01 00:00:00.000018459
1920,Employee_920,47,Marketing,103869,1970-01-01 00:00:00.000018778
1921,Employee_921,48,IT,35410,1970-01-01 00:00:00.000019186
1922,Employee_922,26,HR,113375,1970-01-01 00:00:00.000019265
1923,Employee_923,41,Sales,86044,1970-01-01 00:00:00.000019450
1924,Employee_924,32,HR,93315,1970-01-01 00:00:00.000018805
1925,Employee_925,31,Sales,101344,1970-01-01 00:00:00.000017165
1926,Employee_926,59,Finance,36796,1970-01-01 00:00:00.000016915
1927,Employee_927,27,Marketing,116716,1970-01-01 00:00:00.000019118
1928,Employee_928,29,Finance,84245,1970-01-01 00:00:00.000015698
1929,Employee_929,44,IT,73056,1970-01-01 00:00:00.000017252
1930,Employee_930,47,HR,47709,1970-01-01 00:00:00.000015787
1931,Employee_931,33,Sales,88557,1970-01-01 00:00:00.000019526
1932,Employee_932,47,Sales,47543,1970-01-01 00:00:00.000019367
1933,Employee_933,34,HR,67418,1970-01-01 00:00:00.000017604
1934,Employee_934,39,HR,46724,1970-01-01 00:00:00.000015169
1935,Employee_935,46,IT,33828,1970-01-01 00:00:00.000017574
1936,Employee_936,54,Finance,47087,1970-01-01 00:00:00.000015881
1937,Employee_937,33,Sales,42605,1970-01-01 00:00:00.000016423
1938,Employee_938,57,IT,61337,1970-01-01 00:00:00.000017525
1939,Employee_939,25,Finance,35482,1970-01-01 00:00:00.000015219
1940,Employee_940,26,IT,95333,1970-01-01 00:00:00.000017071
1941,Employee_941,58,Sales,118296,1970-01-01 00:00:00.000018730
1942,Employee_942,29,HR,80952,1970-01-01 00:00:00.000014893
1943,Employee_943,49,HR,35463,1970-01-01 00:00:00.000017538
1944,Employee_944,52,Finance,100448,1970-01-01 00:00:00.000019006
1945,Employee_945,30,Marketing,34648,1970-01-01 00:00:00.000015701
1946,Employee_946,50,Finance,63623,1970-01-01 00:00:00.000015426
1947,Employee_947,35,Marketing,89156,1970-01-01 00:00:00.000014692
1948,Employee_948,43,IT,65634,1970-01-01 00:00:00.000016530
1949,Employee_949,32,IT,74602,1970-01-01 00:00:00.000018101
1950,Employee_950,44,Sales,79334,1970-01-01 00:00:00.000017754
1951,Employee_951,22,Marketing,98648,1970-01-01 00:00:00.000016703
1952,Employee_952,58,Sales,52054,1970-01-01 00:00:00.000019323
1953,Employee_953,42,HR,100028,1970-01-01 00:00:00.000014785
1954,Employee_954,47,Marketing,52207,1970-01-01 00:00:00.000017314
1955,Employee_955,57,Finance,110650,1970-01-01 00:00:00.000019547
1956,Employee_956,44,HR,111554,1970-01-01 00:00:00.000014979
1957,Employee_957,22,HR,51386,1970-01-01 00:00:00.000016428
1958,Employee_958,36,Finance,113276,1970-01-01 00:00:00.000016711
1959,Employee_959,42,HR,89518,1970-01-01 00:00:00.000019395
1960,Employee_960,30,Marketing,82781,1970-01-01 00:00:00.000018100
1961,Employee_961,30,Sales,82780,1970-01-01 00:00:00.000016389
1962,Employee_962,31,HR,91440,1970-01-01 00:00:00.000015974
1963,Employee_963,47,Marketing,74199,1970-01-01 00:00:00.000019072
1964,Employee_964,56,IT,91035,1970-01-01 00:00:00.000017952
1965,Employee_965,46,Marketing,38210,1970-01-01 00:00:00.000019349
1966,Employee_966,47,Sales,74363,1970-01-01 00:00:00.000018286
1967,Employee_967,32,Marketing,108279,1970-01-01 00:00:00.000017036
1968,Employee_968,59,Finance,90348,1970-01-01 00:00:00.000014682
1969,Employee_969,23,Sales,85284,1970-01-01 00:00:00.000017572
1970,Employee_970,28,IT,102124,1970-01-01 00:00:00.000015469
1971,Employee_971,39,Finance,98847,1970-01-01 00:00:00.000018466
1972,Employee_972,48,Marketing,52432,1970-01-01 00:00:00.000018748
1973,Employee_973,55,Sales,94089,1970-01-01 00:00:00.000017034
1974,Employee_974,48,IT,85398,1970-01-01 00:00:00.000015674
1975,Employee_975,38,Finance,33321,1970-01-01 00:00:00.000016827
1976,Employee_976,45,IT,111348,1970-01-01 00:00:00.000018627
1977,Employee_977,46,Marketing,67383,1970-01-01 00:00:00.000016869
1978,Employee_978,28,IT,108682,1970-01-01 00:00:00.000018361
1979,Employee_979,27,HR,109190,1970-01-01 00:00:00.000016696
1980,Employee_980,45,Finance,82893,1970-01-01 00:00:00.000014978
1981,Employee_981,54,IT,65820,1970-01-01 00:00:00.000017414
1982,Employee_982,50,Marketing,96262,1970-01-01 00:00:00.000014760
1983,Employee_983,43,Marketing,33760,1970-01-01 00:00:00.000015744
1984,Employee_984,47,IT,52190,1970-01-01 00:00:00.000017394
1985,Employee_985,49,Marketing,97411,1970-01-01 00:00:00.000018774
1986,Employee_986,42,Sales,53377,1970-01-01 00:00:00.000016956
1987,Employee_987,28,Sales,76737,1970-01-01 00:00:00.000019649
1988,Employee_988,38,Sales,99569,1970-01-01 00:00:00.000019507
1989,Employee_989,41,HR,68211,1970-01-01 00:00:00.000016860
1990,Employee_990,41,IT,112909,1970-01-01 00:00:00.000014670
1991,Employee_991,43,HR,33744,1970-01-01 00:00:00.000019651
1992,Employee_992,49,Marketing,54995,1970-01-01 00:00:00.000017620
1993,Employee_993,28,HR,46977,1970-01-01 00:00:00.000018511
1994,Employee_994,22,Marketing,64542,1970-01-01 00:00:00.000015947
1995,Employee_995,53,Marketing,40651,1970-01-01 00:00:00.000015794
1996,Employee_996,34,Finance,108931,1970-01-01 00:00:00.000019036
1997,Employee_997,51,Sales,46715,1970-01-01 00:00:00.000016161
1998,Employee_998,44,Marketing,74409,1970-01-01 00:00:00.000019043
1999,Employee_999,40,Finance,54306,1970-01-01 00:00:00.000016239
2000,Employee_1000,53,Sales,49086,1970-01-01 00:00:00.000015937
